url,Website
https://www.naatp.org/resources/addiction-industry-directory/11422/aspenridge-fort-collins,http://www.aspenridgefortcollins.com
https://www.naatp.org/resources/addiction-industry-directory/60/aspenridge-recovery,http://www.aspenridgerecoverycenters.com
https://www.naatp.org/resources/addiction-industry-directory/28484/aspenridge-recovery-colorado-springs,https://https://www.aspenridgerecoverycenters.com
https://www.naatp.org/resources/addiction-industry-directory/1479/atchison-valley-hope,http://valleyhope.org
https://www.naatp.org/resources/addiction-industry-directory/24795/augustine-recovery,https://www.augustinerecovery.com/
https://www.naatp.org/resources/addiction-industry-directory/35302/avanti-behavioral-health,http://www.avantibh.com
https://www.naatp.org/resources/addiction-industry-directory/11048/avery-lane,http://averylanewomensrehab.com
https://www.naatp.org/resources/addiction-industry-directory/7109/awakenings-by-the-sea,http://www.awakeningsbythesea.com/
https://www.naatp.org/resources/addiction-industry-directory/33759/axiom-care,https://axiomcareofaz.com/
https://www.naatp.org/resources/addiction-industry-directory/1347/azure-acres-recovery-center,https://www.azureacres.com/?utm_source=NAATP&utm_medium=referral&sf_shortname=organicaa&utm_campaign=listing&utm_term=addiction/
https://www.naatp.org/resources/addiction-industry-directory/18703/bangor-comprehensive-treatment-center,https://www.ctcprograms.com/location/bangor-comprehensive-treatment-center/?utm_source=NAATP&utm_medium=referral&sf_shortname=or
https://www.naatp.org/resources/addiction-industry-directory/36142/banyan-alaska,https://www.banyantreatmentcenter.com/facilities/alaska/
https://www.naatp.org/resources/addiction-industry-directory/32730/banyan-boca,https://www.banyantreatmentcenter.com/facilities/boca-raton/
https://www.naatp.org/resources/addiction-industry-directory/10805/banyan-chicago,https://www.banyantreatmentcenter.com/facilities/chicago/
https://www.naatp.org/resources/addiction-industry-directory/32729/banyan-delaware,https://www.banyantreatmentcenter.com/facilities/delaware/
https://www.naatp.org/resources/addiction-industry-directory/10807/banyan-detox-stuart,https://www.banyandetox.com/
https://www.naatp.org/resources/addiction-industry-directory/32731/banyan-heartland,https://www.banyantreatmentcenter.com/facilities/heartland/
https://www.naatp.org/resources/addiction-industry-directory/10806/banyan-massachusetts,'NoneType' object has no attribute 'get'
https://www.naatp.org/resources/addiction-industry-directory/32728/banyan-palm-springs,https://www.banyantreatmentcenter.com/facilities/palm-springs/
https://www.naatp.org/resources/addiction-industry-directory/23020/banyan-philadelphia,https://www.banyantreatmentcenter.com/facilities/philadelphia/
https://www.naatp.org/resources/addiction-industry-directory/32727/banyan-pompano,https://www.banyantreatmentcenter.com/facilities/pompano/
https://www.naatp.org/resources/addiction-industry-directory/32733/banyan-sebring,https://www.banyantreatmentcenter.com/facilities/sebring/
https://www.naatp.org/resources/addiction-industry-directory/33809/banyan-telehealth-program,https://www.banyantreatmentcenter.com/unique-programs-and-therapies/telehealth-services/
https://www.naatp.org/resources/addiction-industry-directory/32732/banyan-texas,https://www.banyantreatmentcenter.com/facilities/texas/
https://www.naatp.org/resources/addiction-industry-directory/2233/banyan-treatment-center,https://www.banyantreatmentcenter.com/
https://www.naatp.org/resources/addiction-industry-directory/1486/baton-rouge-comprehensive-treatment-center,https://www.ctcprograms.com/location/baton-rouge-comprehensive-treatment-center/?utm_source=NAATP&utm_medium=referral&sf_shortna
https://www.naatp.org/resources/addiction-industry-directory/1361/bayside-marin-treatment-center,https://www.baysidemarin.com/?utm_source=NAATP&utm_medium=referral&sf_shortname=organicbm&utm_campaign=listing&utm_term=addictio
https://www.naatp.org/resources/addiction-industry-directory/11770/beach-house-center-for-recovery,https://www.beachhouserehabcenter.com
https://www.naatp.org/resources/addiction-industry-directory/7120/beaches-recovery-services,https://www.beachesrecovery.com/
https://www.naatp.org/resources/addiction-industry-directory/3956/beachside-rehab,https://www.beachsiderehab.com/
https://www.naatp.org/resources/addiction-industry-directory/79/beachway-therapy-center,https://www.beachway.com/
https://www.naatp.org/resources/addiction-industry-directory/1662/beckley-comprehensive-treatment-center,https://www.ctcprograms.com/location/beckley-comprehensive-treatment-center/?utm_source=NAATP&utm_medium=referral&sf_shortname=o
https://www.naatp.org/resources/addiction-industry-directory/3521/behavioral-health-centers,https://behavioralhealth-centers.com/
https://www.naatp.org/resources/addiction-industry-directory/81/behavioral-health-of-the-palm-beaches,https://www.bhpalmbeach.com/
https://www.naatp.org/resources/addiction-industry-directory/1771/bella-monte-recovery-center,https://bellamonterecovery.com
https://www.naatp.org/resources/addiction-industry-directory/30227/bellingham-comprehensive-treatment-center,https://www.ctcprograms.com/location/bellingham-comprehensive-treatment-center/?utm_source=NAATP&utm_medium=referral&sf_shortnam
https://www.naatp.org/resources/addiction-industry-directory/18630/belmont-behavioral-health-hospital,https://www.belmontbehavioral.com/?utm_source=NAATP&utm_medium=referral&sf_shortname=organicbbh&utm_campaign=listing&utm_term=ad
https://www.naatp.org/resources/addiction-industry-directory/18701/belmont-comprehensive-treatment-center,https://www.ctcprograms.com/location/belmont-comprehensive-treatment-center/?utm_source=NAATP&utm_medium=referral&sf_shortname=o
https://www.naatp.org/resources/addiction-industry-directory/18702/beloit-comprehensive-treatment-center,https://www.ctcprograms.com/location/beloit-comprehensive-treatment-center/?utm_source=NAATP&utm_medium=referral&sf_shortname=or
https://www.naatp.org/resources/addiction-industry-directory/1366/betty-ford--center--rancho-mirage-ca,http://www.hazeldenbettyford.org/treatment/locations/betty-ford-center-rancho-mirage
